air	AIR	icon-minecraft-air	1.08	1.8	0
stone	STONE	icon-minecraft-stone	1.08	1.8	1
granite	GRANITE	icon-minecraft-granite	1.08	1.8	1
polished_granite	POLISHED_GRANITE	icon-minecraft-polished-granite	1.08	1.8	1
diorite	DIORITE	icon-minecraft-diorite	1.08	1.8	1
polished_diorite	POLISHED_DIORITE	icon-minecraft-polished-diorite	1.08	1.8	1
andesite	ANDESITE	icon-minecraft-andesite	1.08	1.8	1
polished_andesite	POLISHED_ANDESITE	icon-minecraft-polished-andesite	1.08	1.8	1
grass_block	GRASS_BLOCK	icon-minecraft-grass-block	1.08	1.8	2
dirt	GRASS	icon-minecraft-dirt	1.08	1.8	3
coarse_dirt	COARSE_DIRT	icon-minecraft-coarse-dirt	1.08	1.8	3
podzol	PODZOL	icon-minecraft-podzol	1.21	1.21	3
cobblestone	COBBLESTONE	icon-minecraft-cobblestone	1.08	1.8	4
oak_planks	WOOD	icon-minecraft-oak-planks	1.08	1.8	5
spruce_planks	SPRUCE_PLANKS	icon-minecraft-spruce-planks	1.08	1.8	5
birch_planks	BIRCH_PLANKS	icon-minecraft-birch-planks	1.08	1.8	5
jungle_planks	JUNGLE_PLANKS	icon-minecraft-jungle-planks	1.08	1.8	5
acacia_planks	ACACIA_PLANKS	icon-minecraft-acacia-planks	1.21	1.21	5
dark_oak_planks	DARK_OAK_PLANKS	icon-minecraft-dark-oak-planks	1.21	1.21	5
oak_sapling	OAK_SAPLING	icon-minecraft-oak-sapling	1.08	1.8	6
spruce_sapling	SPRUCE_SAPLING	icon-minecraft-spruce-sapling	1.08	1.8	6
birch_sapling	BIRCH_SAPLING	icon-minecraft-birch-sapling	1.08	1.8	6
jungle_sapling	JUNGLE_SAPLING	icon-minecraft-jungle-sapling	1.08	1.8	6
acacia_sapling	ACACIA_SAPLING	icon-minecraft-acacia-sapling	1.21	1.21	6
dark_oak_sapling	DARK_OAK_SAPLING	icon-minecraft-dark-oak-sapling	1.21	1.21	6
bedrock	BEDROCK	icon-minecraft-bedrock	1.08	1.8	7
sand	SAND	icon-minecraft-sand	1.08	1.8	12
red_sand	RED_SAND	icon-minecraft-red-sand	1.21	1.21	12
gravel	GRAVEL	icon-minecraft-gravel	1.08	1.8	13
gold_ore	GOLD_ORE	icon-minecraft-gold-ore	1.08	1.8	14
iron_ore	IRON_ORE	icon-minecraft-iron-ore	1.08	1.8	15
coal_ore	COAL_ORE	icon-minecraft-coal-ore	1.08	1.8	16
oak_wood	OAK_WOOD	icon-minecraft-oak-wood	1.08	1.8	17
spruce_wood	SPRUCE_WOOD	icon-minecraft-spruce-wood	1.08	1.8	17
birch_wood	BIRCH_WOOD	icon-minecraft-birch-wood	1.08	1.8	17
jungle_wood	JUNGLE_WOOD	icon-minecraft-jungle-wood	1.08	1.8	17
oak_leaves	OAK_LEAVES	icon-minecraft-oak-leaves	1.08	1.8	18
spruce_leaves	SPRUCE_LEAVES	icon-minecraft-spruce-leaves	1.08	1.8	18
birch_leaves	BIRCH_LEAVES	icon-minecraft-birch-leaves	1.08	1.8	18
jungle_leaves	JUNGLE_LEAVES	icon-minecraft-jungle-leaves	1.08	1.8	18
sponge	SPONGE	icon-minecraft-sponge	1.08	1.8	19
wet_sponge	WET_SPONGE	icon-minecraft-wet-sponge	1.08	1.8	19
glass	GLASS	icon-minecraft-glass	1.08	1.8	20
lapis_ore	LAPIS_ORE	icon-minecraft-lapis-ore	1.08	1.8	21
lapis_block	LAPIS_BLOCK	icon-minecraft-lapis-block	1.08	1.8	22
dispenser	DISPENSER	icon-minecraft-dispenser	1.08	1.8	23
sandstone	SANDSTONE	icon-minecraft-sandstone	1.08	1.8	24
chiseled_sandstone	CHISELED_SANDSTONE	icon-minecraft-chiseled-sandstone	1.08	1.8	24
smooth_sandstone	SMOOTH_SANDSTONE	icon-minecraft-smooth-sandstone	1.08	1.8	24
note_block	NOTE_BLOCK	icon-minecraft-note-block	1.08	1.8	25
powered_rail	POWERED_RAIL	icon-minecraft-powered-rail	1.08	1.8	27
detector_rail	DETECTOR_RAIL	icon-minecraft-detector-rail	1.08	1.8	28
sticky_piston	STICKY_PISTON	icon-minecraft-sticky-piston	1.08	1.8	29
cobweb	COBWEB	icon-minecraft-cobweb	1.08	1.8	30
potted_dead_bush	DEAD_SHRUB	icon-minecraft-potted-dead-bush	1.08	1.8	31
grass	GRASS	icon-minecraft-grass	1.08	1.8	31
fern	FERN	icon-minecraft-fern	1.08	1.8	31
dead_bush	DEAD_BUSH	icon-minecraft-dead-bush	1.08	1.8	32
piston	PISTON	icon-minecraft-piston	1.08	1.8	33
white_wool	WOOL	icon-minecraft-white-wool	1.08	1.8	35
orange_wool	ORANGE_WOOL	icon-minecraft-orange-wool	1.08	1.8	35
magenta_wool	MAGENTA_WOOL	icon-minecraft-magenta-wool	1.08	1.8	35
light_blue_wool	LIGHT_BLUE_WOOL	icon-minecraft-light-blue-wool	1.08	1.8	35
yellow_wool	YELLOW_WOOL	icon-minecraft-yellow-wool	1.08	1.8	35
lime_wool	LIME_WOOL	icon-minecraft-lime-wool	1.08	1.8	35
pink_wool	PINK_WOOL	icon-minecraft-pink-wool	1.08	1.8	35
gray_wool	GRAY_WOOL	icon-minecraft-gray-wool	1.08	1.8	35
light_gray_wool	LIGHT_GRAY_WOOL	icon-minecraft-light-gray-wool	1.08	1.8	35
cyan_wool	CYAN_WOOL	icon-minecraft-cyan-wool	1.08	1.8	35
purple_wool	PURPLE_WOOL	icon-minecraft-purple-wool	1.08	1.8	35
blue_wool	BLUE_WOOL	icon-minecraft-blue-wool	1.08	1.8	35
brown_wool	BROWN_WOOL	icon-minecraft-brown-wool	1.08	1.8	35
green_wool	GREEN_WOOL	icon-minecraft-green-wool	1.08	1.8	35
red_wool	RED_WOOL	icon-minecraft-red-wool	1.08	1.8	35
black_wool	BLACK_WOOL	icon-minecraft-black-wool	1.08	1.8	35
dandelion	DANDELION	icon-minecraft-dandelion	1.08	1.8	37
poppy	RED_ROSE	icon-minecraft-poppy	1.08	1.8	38
blue_orchid	BLUE_ORCHID	icon-minecraft-blue-orchid	1.21	1.21	38
allium	ALLIUM	icon-minecraft-allium	1.21	1.21	38
azure_bluet	AZURE_BLUET	icon-minecraft-azure-bluet	1.21	1.21	38
red_tulip	RED_TULIP	icon-minecraft-red-tulip	1.21	1.21	38
orange_tulip	ORANGE_TULIP	icon-minecraft-orange-tulip	1.21	1.21	38
white_tulip	WHITE_TULIP	icon-minecraft-white-tulip	1.21	1.21	38
pink_tulip	PINK_TULIP	icon-minecraft-pink-tulip	1.21	1.21	38
oxeye_daisy	OXEYE_DAISY	icon-minecraft-oxeye-daisy	1.21	1.21	38
brown_mushroom	BROWN_MUSHROOM	icon-minecraft-brown-mushroom	1.08	1.8	39
red_mushroom	RED_MUSHROOM	icon-minecraft-red-mushroom	1.08	1.8	40
gold_block	GOLD_BLOCK	icon-minecraft-gold-block	1.08	1.8	41
iron_block	IRON_BLOCK	icon-minecraft-iron-block	1.08	1.8	42
smooth_stone_slab	STONE_SLAB	icon-minecraft-smooth-stone-slab	1.08	1.8	44
sandstone_slab	SANDSTONE_SLAB	icon-minecraft-sandstone-slab	1.08	1.8	44
cobblestone_slab	COBBLESTONE_SLAB	icon-minecraft-cobblestone-slab	1.08	1.8	44
brick_slab	BRICK_SLAB	icon-minecraft-brick-slab	1.08	1.8	44
stone_brick_slab	STONE_BRICK_SLAB	icon-minecraft-stone-brick-slab	1.08	1.8	44
nether_brick_slab	NETHER_BRICK_SLAB	icon-minecraft-nether-brick-slab	1.08	1.8	44
quartz_slab	QUARTZ_SLAB	icon-minecraft-quartz-slab	1.08	1.8	44
bricks	BRICK	icon-minecraft-bricks	1.08	1.8	45
tnt	TNT	icon-minecraft-tnt	1.08	1.8	46
bookshelf	BOOKSHELF	icon-minecraft-bookshelf	1.08	1.8	47
mossy_cobblestone	MOSSY_COBBLESTONE	icon-minecraft-mossy-cobblestone	1.08	1.8	48
obsidian	OBSIDIAN	icon-minecraft-obsidian	1.08	1.8	49
torch	TORCH	icon-minecraft-torch	1.08	1.8	50
fire	FIRE	icon-minecraft-fire	1.08	1.8	51
spawner	MOB_SPAWNER	icon-minecraft-spawner	1.08	1.8	52
oak_stairs	OAK_STAIRS	icon-minecraft-oak-stairs	1.08	1.8	53
chest	CHEST	icon-minecraft-chest	1.08	1.8	54
redstone_wire	REDSTONE_WIRE	icon-minecraft-redstone-wire	1.08	1.8	55
diamond_ore	DIAMOND_ORE	icon-minecraft-diamond-ore	1.08	1.8	56
diamond_block	DIAMOND_BLOCK	icon-minecraft-diamond-block	1.08	1.8	57
crafting_table	CRAFTING_TABLE	icon-minecraft-crafting-table	1.08	1.8	58
farmland	FARMLAND	icon-minecraft-farmland	1.08	1.8	60
furnace	FURNACE	icon-minecraft-furnace	1.08	1.8	61
ladder	LADDER	icon-minecraft-ladder	1.08	1.8	65
rail	RAIL	icon-minecraft-rail	1.08	1.8	66
cobblestone_stairs	COBBLESTONE_STAIRS	icon-minecraft-cobblestone-stairs	1.08	1.8	67
lever	LEVER	icon-minecraft-lever	1.08	1.8	69
stone_pressure_plate	STONE_PRESSURE_PLATE	icon-minecraft-stone-pressure-plate	1.08	1.8	70
oak_pressure_plate	WOODEN_PRESSURE_PLATE	icon-minecraft-oak-pressure-plate	1.08	1.8	72
redstone_ore	REDSTONE_ORE	icon-minecraft-redstone-ore	1.08	1.8	73
redstone_torch	REDSTONE_TORCH	icon-minecraft-redstone-torch	1.08	1.8	76
stone_button	STONE_BUTTON	icon-minecraft-stone-button	1.08	1.8	77
snow	SNOW	icon-minecraft-snow	1.08	1.8	78
ice	ICE	icon-minecraft-ice	1.08	1.8	79
snow_block	SNOW_BLOCK	icon-minecraft-snow-block	1.08	1.8	80
cactus	CACTUS	icon-minecraft-cactus	1.08	1.8	81
clay	CLAY	icon-minecraft-clay	1.08	1.8	82
jukebox	JUKEBOX	icon-minecraft-jukebox	1.08	1.8	84
oak_fence	OAK_FENCE	icon-minecraft-oak-fence	1.08	1.8	85
pumpkin	PUMPKIN	icon-minecraft-pumpkin	1.08	1.8	86
netherrack	NETHERRACK	icon-minecraft-netherrack	1.08	1.8	87
soul_sand	SOUL_SAND	icon-minecraft-soul-sand	1.08	1.8	88
glowstone	GLOWSTONE	icon-minecraft-glowstone	1.08	1.8	89
jack_o_lantern	JACK_O_LANTERN	icon-minecraft-jack-o-lantern	1.08	1.8	91
white_stained_glass	WHITE_STAINED_GLASS	icon-minecraft-white-stained-glass	1.21	1.21	95
orange_stained_glass	ORANGE_STAINED_GLASS	icon-minecraft-orange-stained-glass	1.21	1.21	95
magenta_stained_glass	MAGENTA_STAINED_GLASS	icon-minecraft-magenta-stained-glass	1.21	1.21	95
light_blue_stained_glass	LIGHT_BLUE_STAINED_GLASS	icon-minecraft-light-blue-stained-glass	1.21	1.21	95
yellow_stained_glass	YELLOW_STAINED_GLASS	icon-minecraft-yellow-stained-glass	1.21	1.21	95
lime_stained_glass	LIME_STAINED_GLASS	icon-minecraft-lime-stained-glass	1.21	1.21	95
pink_stained_glass	PINK_STAINED_GLASS	icon-minecraft-pink-stained-glass	1.21	1.21	95
gray_stained_glass	GRAY_STAINED_GLASS	icon-minecraft-gray-stained-glass	1.21	1.21	95
light_gray_stained_glass	LIGHT_GRAY_STAINED_GLASS	icon-minecraft-light-gray-stained-glass	1.21	1.21	95
cyan_stained_glass	CYAN_STAINED_GLASS	icon-minecraft-cyan-stained-glass	1.21	1.21	95
purple_stained_glass	PURPLE_STAINED_GLASS	icon-minecraft-purple-stained-glass	1.21	1.21	95
blue_stained_glass	BLUE_STAINED_GLASS	icon-minecraft-blue-stained-glass	1.21	1.21	95
brown_stained_glass	BROWN_STAINED_GLASS	icon-minecraft-brown-stained-glass	1.21	1.21	95
green_stained_glass	GREEN_STAINED_GLASS	icon-minecraft-green-stained-glass	1.21	1.21	95
red_stained_glass	RED_STAINED_GLASS	icon-minecraft-red-stained-glass	1.21	1.21	95
black_stained_glass	BLACK_STAINED_GLASS	icon-minecraft-black-stained-glass	1.21	1.21	95
oak_trapdoor	OAK_TRAPDOOR	icon-minecraft-oak-trapdoor	1.08	1.8	96
infested_stone	INFESTED_STONE	icon-minecraft-infested-stone	1.08	1.8	97
infested_cobblestone	INFESTED_COBBLESTONE	icon-minecraft-infested-cobblestone	1.08	1.8	97
infested_stone_bricks	INFESTED_STONE_BRICKS	icon-minecraft-infested-stone-bricks	1.08	1.8	97
infested_mossy_stone_bricks	INFESTED_MOSSY_STONE_BRICKS	icon-minecraft-infested-mossy-stone-bricks	1.21	1.21	97
infested_cracked_stone_bricks	INFESTED_CRACKED_STONE_BRICKS	icon-minecraft-infested-cracked-stone-bricks	1.21	1.21	97
infested_chiseled_stone_bricks	INFESTED_CHISELED_STONE_BRICKS	icon-minecraft-infested-chiseled-stone-bricks	1.21	1.21	97
stone_bricks	STONE_BRICKS	icon-minecraft-stone-bricks	1.08	1.8	98
mossy_stone_bricks	MOSSY_STONE_BRICKS	icon-minecraft-mossy-stone-bricks	1.08	1.8	98
cracked_stone_bricks	CRACKED_STONE_BRICKS	icon-minecraft-cracked-stone-bricks	1.08	1.8	98
chiseled_stone_bricks	CHISELED_STONE_BRICKS	icon-minecraft-chiseled-stone-bricks	1.08	1.8	98
brown_mushroom_block	BROWN_MUSHROOM_BLOCK	icon-minecraft-brown-mushroom-block	1.08	1.8	99
red_mushroom_block	RED_MUSHROOM_BLOCK	icon-minecraft-red-mushroom-block	1.08	1.8	100
iron_bars	IRON_BARS	icon-minecraft-iron-bars	1.08	1.8	101
glass_pane	GLASS_PANE	icon-minecraft-glass-pane	1.08	1.8	102
melon	MELON_BLOCK	icon-minecraft-melon	1.08	1.8	103
pumpkin_stem	PUMPKIN_STEM	icon-minecraft-pumpkin-stem	1.08	1.8	104
melon_stem	MELON_STEM	icon-minecraft-melon-stem	1.08	1.8	105
vine	vine	icon-minecraft-vine	1.08	1.8	106
oak_fence_gate	OAK_FENCE_GATE	icon-minecraft-oak-fence-gate	1.08	1.8	107
brick_stairs	BRICK_STAIRS	icon-minecraft-brick-stairs	1.08	1.8	108
stone_brick_stairs	STONE_BRICK_STAIRS	icon-minecraft-stone-brick-stairs	1.08	1.8	109
mycelium	MYCELIUM	icon-minecraft-mycelium	1.08	1.8	110
lily_pad	LILY_PAD	icon-minecraft-lily-pad	1.08	1.8	111
nether_bricks	NETHER_BRICK	icon-minecraft-nether-bricks	1.08	1.8	112
nether_brick_fence	NETHER_BRICK_FENCE	icon-minecraft-nether-brick-fence	1.08	1.8	113
nether_brick_stairs	NETHER_BRICK_STAIRS	icon-minecraft-nether-brick-stairs	1.08	1.8	114
enchanting_table	ENCHANTMENT_TABLE	icon-minecraft-enchanting-table	1.08	1.8	116
end_portal_frame	END_PORTAL_FRAME	icon-minecraft-end-portal-frame	1.08	1.8	120
end_stone	END_STONE	icon-minecraft-end-stone	1.08	1.8	121
dragon_egg	DRAGON_EGG	icon-minecraft-dragon-egg	1.08	1.8	122
redstone_lamp	REDSTONE_LAMP	icon-minecraft-redstone-lamp	1.08	1.8	123
oak_slab	OAK_SLAB	icon-minecraft-oak-slab	1.08	1.8	126
spruce_slab	SPRUCE_SLAB	icon-minecraft-spruce-slab	1.08	1.8	126
birch_slab	BIRCH_SLAB	icon-minecraft-birch-slab	1.08	1.8	126
jungle_slab	JUNGLE_SLAB	icon-minecraft-jungle-slab	1.08	1.8	126
acacia_slab	ACACIA_SLAB	icon-minecraft-acacia-slab	1.21	1.21	126
dark_oak_slab	DARK_OAK_SLAB	icon-minecraft-dark-oak-slab	1.21	1.21	126
cocoa	COCOA	icon-minecraft-cocoa	1.08	1.8	127
sandstone_stairs	SANDSTONE_STAIRS	icon-minecraft-sandstone-stairs	1.08	1.8	128
emerald_ore	EMERALD_ORE	icon-minecraft-emerald-ore	1.08	1.8	129
ender_chest	END_CHEST	icon-minecraft-ender-chest	1.08	1.8	130
tripwire_hook	TRIPWIRE_HOOK	icon-minecraft-tripwire-hook	1.08	1.8	131
tripwire	TRIPWIRE	icon-minecraft-tripwire	1.08	1.8	132
emerald_block	EMERALD_BLOCK	icon-minecraft-emerald-block	1.08	1.8	133
spruce_stairs	SPRUCE_WOOD_STAIRS	icon-minecraft-spruce-stairs	1.08	1.8	134
birch_stairs	BIRCH_WOOD_STAIRS	icon-minecraft-birch-stairs	1.08	1.8	135
jungle_stairs	JUNGLE_WOOD_STAIRS	icon-minecraft-jungle-stairs	1.08	1.8	136
command_block	COMMAND_BLOCK	icon-minecraft-command-block	1.08	1.8	137
beacon	BEACON	icon-minecraft-beacon	1.08	1.8	138
cobblestone_wall	COBBLESTONE_WALL	icon-minecraft-cobblestone-wall	1.08	1.8	139
mossy_cobblestone_wall	MOSSY_COBBLESTONE_WALL	icon-minecraft-mossy-cobblestone-wall	1.08	1.8	139
carrots	CARROTS	icon-minecraft-carrots	1.08	1.8	141
potatoes	POTATOES	icon-minecraft-potatoes	1.08	1.8	142
oak_button	WOODEN_BUTTON	icon-minecraft-oak-button	1.08	1.8	143
anvil	ANVIL	icon-minecraft-anvil	1.08	1.8	145
trapped_chest	TRAPPED_CHEST	icon-minecraft-trapped-chest	1.08	1.8	146
light_weighted_pressure_plate	LIGHT_WEIGHTED_PRESSURE_PLATE	icon-minecraft-light-weighted-pressure-plate	1.08	1.8	147
heavy_weighted_pressure_plate	HEAVY_WEIGHTED_PRESSURE_PLATE	icon-minecraft-heavy-weighted-pressure-plate	1.08	1.8	148
daylight_detector	DAYLIGHT_DETECTOR	icon-minecraft-daylight-detector	1.08	1.8	151
redstone_block	REDSTONE_BLOCK	icon-minecraft-redstone-block	1.08	1.8	152
nether_quartz_ore	QUARTZ_ORE	icon-minecraft-nether-quartz-ore	1.08	1.8	153
hopper	HOPPER	icon-minecraft-hopper	1.08	1.8	154
quartz_block	QUARTZ_BLOCK	icon-minecraft-quartz-block	1.08	1.8	155
chiseled_quartz_block	CHISELED_QUARTZ_BLOCK	icon-minecraft-chiseled-quartz-block	1.08	1.8	155
quartz_pillar	PILLAR_QUARTZ_BLOCK	icon-minecraft-quartz-pillar	1.08	1.8	155
quartz_stairs	QUARTZ_STAIRS	icon-minecraft-quartz-stairs	1.08	1.8	156
activator_rail	ACTIVATOR_RAIL	icon-minecraft-activator-rail	1.08	1.8	157
dropper	DROPPER	icon-minecraft-dropper	1.08	1.8	158
white_terracotta	WHITE_TERRACOTTA	icon-minecraft-white-terracotta	1.08	1.8	159
orange_terracotta	ORANGE_TERRACOTTA	icon-minecraft-orange-terracotta	1.08	1.8	159
magenta_terracotta	MAGENTA_TERRACOTTA	icon-minecraft-magenta-terracotta	1.08	1.8	159
light_blue_terracotta	LIGHT_BLUE_TERRACOTTA	icon-minecraft-light-blue-terracotta	1.08	1.8	159
yellow_terracotta	YELLOW_TERRACOTTA	icon-minecraft-yellow-terracotta	1.08	1.8	159
lime_terracotta	LIME_TERRACOTTA	icon-minecraft-lime-terracotta	1.08	1.8	159
pink_terracotta	PINK_TERRACOTTA	icon-minecraft-pink-terracotta	1.08	1.8	159
gray_terracotta	GRAY_TERRACOTTA	icon-minecraft-gray-terracotta	1.08	1.8	159
light_gray_terracotta	LIGHT_GRAY_TERRACOTTA	icon-minecraft-light-gray-terracotta	1.08	1.8	159
cyan_terracotta	CYAN_TERRACOTTA	icon-minecraft-cyan-terracotta	1.08	1.8	159
purple_terracotta	PURPLE_TERRACOTTA	icon-minecraft-purple-terracotta	1.08	1.8	159
blue_terracotta	BLUE_TERRACOTTA	icon-minecraft-blue-terracotta	1.08	1.8	159
brown_terracotta	BROWN_TERRACOTTA	icon-minecraft-brown-terracotta	1.08	1.8	159
green_terracotta	GREEN_TERRACOTTA	icon-minecraft-green-terracotta	1.08	1.8	159
red_terracotta	RED_TERRACOTTA	icon-minecraft-red-terracotta	1.08	1.8	159
black_terracotta	BLACK_TERRACOTTA	icon-minecraft-black-terracotta	1.08	1.8	159
white_stained_glass_pane	WHITE_STAINED_GLASS_PANE	icon-minecraft-white-stained-glass-pane	1.21	1.21	160
orange_stained_glass_pane	ORANGE_STAINED_GLASS_PANE	icon-minecraft-orange-stained-glass-pane	1.21	1.21	160
magenta_stained_glass_pane	MAGENTA_STAINED_GLASS_PANE	icon-minecraft-magenta-stained-glass-pane	1.21	1.21	160
light_blue_stained_glass_pane	LIGHT_BLUE_STAINED_GLASS_PANE	icon-minecraft-light-blue-stained-glass-pane	1.21	1.21	160
yellow_stained_glass_pane	YELLOW_STAINED_GLASS_PANE	icon-minecraft-yellow-stained-glass-pane	1.21	1.21	160
lime_stained_glass_pane	LIME_STAINED_GLASS_PANE	icon-minecraft-lime-stained-glass-pane	1.21	1.21	160
pink_stained_glass_pane	PINK_STAINED_GLASS_PANE	icon-minecraft-pink-stained-glass-pane	1.21	1.21	160
gray_stained_glass_pane	GRAY_STAINED_GLASS_PANE	icon-minecraft-gray-stained-glass-pane	1.21	1.21	160
light_gray_stained_glass_pane	LIGHT_GRAY_STAINED_GLASS_PANE	icon-minecraft-light-gray-stained-glass-pane	1.21	1.21	160
cyan_stained_glass_pane	CYAN_STAINED_GLASS_PANE	icon-minecraft-cyan-stained-glass-pane	1.21	1.21	160
purple_stained_glass_pane	PURPLE_STAINED_GLASS_PANE	icon-minecraft-purple-stained-glass-pane	1.21	1.21	160
blue_stained_glass_pane	BLUE_STAINED_GLASS_PANE	icon-minecraft-blue-stained-glass-pane	1.21	1.21	160
brown_stained_glass_pane	BROWN_STAINED_GLASS_PANE	icon-minecraft-brown-stained-glass-pane	1.21	1.21	160
green_stained_glass_pane	GREEN_STAINED_GLASS_PANE	icon-minecraft-green-stained-glass-pane	1.21	1.21	160
red_stained_glass_pane	RED_STAINED_GLASS_PANE	icon-minecraft-red-stained-glass-pane	1.21	1.21	160
black_stained_glass_pane	BLACK_STAINED_GLASS_PANE	icon-minecraft-black-stained-glass-pane	1.21	1.21	160
acacia_leaves	ACACIA_LEAVES	icon-minecraft-acacia-leaves	1.21	1.21	161
dark_oak_leaves	DARK_OAK_LEAVES	icon-minecraft-dark-oak-leaves	1.21	1.21	161
prismarine_bricks	PRISMARINE_BRICKS	icon-minecraft-prismarine-bricks	1.08	1.8	161
dark_prismarine	DARK_PRISMARINE	icon-minecraft-dark-prismarine	1.08	1.8	161
acacia_log	ACACIA_WOOD	icon-minecraft-acacia-log	1.21	1.21	162
dark_oak_log	DARK_OAK_WOOD	icon-minecraft-dark-oak-log	1.21	1.21	162
acacia_stairs	ACACIA_STAIRS	icon-minecraft-acacia-stairs	1.21	1.21	163
dark_oak_stairs	DARK_OAK_STAIRS	icon-minecraft-dark-oak-stairs	1.21	1.21	164
slime_block	SLIME	icon-minecraft-slime-block	1.08	1.8	165
barrier	BARRIER	icon-minecraft-barrier	1.08	1.8	166
iron_trapdoor	IRON_TRAPDOOR	icon-minecraft-iron-trapdoor	1.08	1.8	167
prismarine	PRISMARINE	icon-minecraft-prismarine	1.08	1.8	168
sea_lantern	SEA_LANTERN	icon-minecraft-sea-lantern	1.08	1.8	169
hay_block	HAY_BLOCK	icon-minecraft-hay-block	1.08	1.8	170
white_carpet	WHITE_CARPET	icon-minecraft-white-carpet	1.08	1.8	171
orange_carpet	ORANGE_CARPET	icon-minecraft-orange-carpet	1.08	1.8	171
magenta_carpet	MAGENTA_CARPET	icon-minecraft-magenta-carpet	1.08	1.8	171
light_blue_carpet	LIGHT_BLUE_CARPET	icon-minecraft-light-blue-carpet	1.08	1.8	171
yellow_carpet	YELLOW_CARPET	icon-minecraft-yellow-carpet	1.08	1.8	171
lime_carpet	LIME_CARPET	icon-minecraft-lime-carpet	1.08	1.8	171
pink_carpet	PINK_CARPET	icon-minecraft-pink-carpet	1.08	1.8	171
gray_carpet	GRAY_CARPET	icon-minecraft-gray-carpet	1.08	1.8	171
light_gray_carpet	LIGHT_GRAY_CARPET	icon-minecraft-light-gray-carpet	1.08	1.8	171
cyan_carpet	CYAN_CARPET	icon-minecraft-cyan-carpet	1.08	1.8	171
purple_carpet	PURPLE_CARPET	icon-minecraft-purple-carpet	1.08	1.8	171
blue_carpet	BLUE_CARPET	icon-minecraft-blue-carpet	1.08	1.8	171
brown_carpet	BROWN_CARPET	icon-minecraft-brown-carpet	1.08	1.8	171
green_carpet	GREEN_CARPET	icon-minecraft-green-carpet	1.08	1.8	171
red_carpet	RED_CARPET	icon-minecraft-red-carpet	1.08	1.8	171
black_carpet	BLACK_CARPET	icon-minecraft-black-carpet	1.08	1.8	171
terracotta	HARDENED_CLAY	icon-minecraft-terracotta	1.08	1.8	172
coal_block	COAL_BLOCK	icon-minecraft-coal-block	1.08	1.8	173
packed_ice	PACKED_ICE	icon-minecraft-packed-ice	1.21	1.21	174
sunflower	SUNFLOWER	icon-minecraft-sunflower	1.21	1.21	175
lilac	LILAC	icon-minecraft-lilac	1.21	1.21	175
tall_grass	DOUBLE_TALLGRASS	icon-minecraft-tall-grass	1.21	1.21	175
large_fern	LARGE_FERN	icon-minecraft-large-fern	1.21	1.21	175
rose_bush	ROSE_BUSH	icon-minecraft-rose-bush	1.21	1.21	175
peony	PEONY	icon-minecraft-peony	1.21	1.21	175
red_sandstone	RED_SANDSTONE	icon-minecraft-red-sandstone	1.08	1.8	179
chiseled_red_sandstone	CHISELED_RED_SANDSTONE	icon-minecraft-chiseled-red-sandstone	1.08	1.8	179
smooth_red_sandstone	SMOOTH_RED_SANDSTONE	icon-minecraft-smooth-red-sandstone	1.08	1.8	179
red_sandstone_stairs	RED_SANDSTONE_STAIRS	icon-minecraft-red-sandstone-stairs	1.08	1.8	180
red_sandstone_slab	RED_SANDSTONE_SLAB	icon-minecraft-red-sandstone-slab	1.08	1.8	182
spruce_fence_gate	SPRUCE_FENCE_GATE	icon-minecraft-spruce-fence-gate	1.08	1.8	183
birch_fence_gate	BIRCH_FENCE_GATE	icon-minecraft-birch-fence-gate	1.08	1.8	184
jungle_fence_gate	JUNGLE_FENCE_GATE	icon-minecraft-jungle-fence-gate	1.08	1.8	185
dark_oak_fence_gate	DARK_OAK_FENCE_GATE	icon-minecraft-dark-oak-fence-gate	1.08	1.8	186
acacia_fence_gate	ACACIA_FENCE_GATE	icon-minecraft-acacia-fence-gate	1.08	1.8	187
spruce_fence	SPRUCE_FENCE	icon-minecraft-spruce-fence	1.08	1.8	188
birch_fence	BIRCH_FENCE	icon-minecraft-birch-fence	1.08	1.8	189
jungle_fence	JUNGLE_FENCE	icon-minecraft-jungle-fence	1.08	1.8	190
dark_oak_fence	DARK_OAK_FENCE	icon-minecraft-dark-oak-fence	1.08	1.8	191
acacia_fence	ACACIA_FENCE	icon-minecraft-acacia-fence	1.08	1.8	192
end_rod	END_ROD	icon-minecraft-end-rod	1.09	1.9	198
chorus_plant	CHORUS_PLANT	icon-minecraft-chorus-plant	1.09	1.9	199
chorus_flower	CHORUS_FLOWER	icon-minecraft-chorus-flower	1.09	1.9	200
purpur_block	PURPUR_BLOCK	icon-minecraft-purpur-block	1.09	1.9	201
purpur_pillar	PURPUR_PILLAR	icon-minecraft-purpur-pillar	1.09	1.9	202
purpur_stairs	PURPUR_STAIRS	icon-minecraft-purpur-stairs	1.09	1.9	203
purpur_slab	PURPUR_SLAB	icon-minecraft-purpur-slab	1.09	1.9	205
end_stone_bricks	END_BRICKS	icon-minecraft-end-stone-bricks	1.09	1.9	206
dirt_path	DIRT_PATH	icon-minecraft-dirt-path	1.09	1.9	208
repeating_command_block	REPEATING_COMMAND_BLOCK	icon-minecraft-repeating-command-block	1.09	1.9	210
chain_command_block	CHAIN_COMMAND_BLOCK	icon-minecraft-chain-command-block	1.09	1.9	211
frosted_ice	FROSTED_ICE	icon-minecraft-frosted-ice	1.08	1.8	212
magma_block	MAGMA	icon-minecraft-magma-block	1.1	1.10	213
nether_wart_block	NETHER_WART_BLOCK	icon-minecraft-nether-wart-block	1.1	1.10	214
red_nether_bricks	RED_NETHER_BRICKS	icon-minecraft-red-nether-bricks	1.1	1.10	215
bone_block	BONE_BLOCK	icon-minecraft-bone-block	1.1	1.10	216
observer	OBSERVER	icon-minecraft-observer	1.11	1.11	218
white_shulker_box	WHITE_SHULKER_BOX	icon-minecraft-white-shulker-box	1.11	1.11	219
orange_shulker_box	ORANGE_SHULKER_BOX	icon-minecraft-orange-shulker-box	1.11	1.11	220
magenta_shulker_box	MAGENTA_SHULKER_BOX	icon-minecraft-magenta-shulker-box	1.11	1.11	221
light_blue_shulker_box	LIGHT_BLUE_SHULKER_BOX	icon-minecraft-light-blue-shulker-box	1.11	1.11	222
yellow_shulker_box	YELLOW_SHULKER_BOX	icon-minecraft-yellow-shulker-box	1.11	1.11	223
lime_shulker_box	LIME_SHULKER_BOX	icon-minecraft-lime-shulker-box	1.11	1.11	224
pink_shulker_box	PINK_SHULKER_BOX	icon-minecraft-pink-shulker-box	1.11	1.11	225
gray_shulker_box	GRAY_SHULKER_BOX	icon-minecraft-gray-shulker-box	1.11	1.11	226
light_gray_shulker_box	LIGHT_GRAY_SHULKER_BOX	icon-minecraft-light-gray-shulker-box	1.11	1.11	227
cyan_shulker_box	CYAN_SHULKER_BOX	icon-minecraft-cyan-shulker-box	1.11	1.11	228
purple_shulker_box	PURPLE_SHULKER_BOX	icon-minecraft-purple-shulker-box	1.11	1.11	229
blue_shulker_box	BLUE_SHULKER_BOX	icon-minecraft-blue-shulker-box	1.11	1.11	230
brown_shulker_box	BROWN_SHULKER_BOX	icon-minecraft-brown-shulker-box	1.11	1.11	231
green_shulker_box	GREEN_SHULKER_BOX	icon-minecraft-green-shulker-box	1.11	1.11	232
red_shulker_box	RED_SHULKER_BOX	icon-minecraft-red-shulker-box	1.11	1.11	233
black_shulker_box	BLACK_SHULKER_BOX	icon-minecraft-black-shulker-box	1.11	1.11	234
white_glazed_terracotta	WHITE_GLAZED_TERRACOTTA	icon-minecraft-white-glazed-terracotta	1.12	1.12	235
orange_glazed_terracotta	ORANGE_GLAZED_TERRACOTTA	icon-minecraft-orange-glazed-terracotta	1.12	1.12	236
magenta_glazed_terracotta	MAGENTA_GLAZED_TERRACOTTA	icon-minecraft-magenta-glazed-terracotta	1.12	1.12	237
light_blue_glazed_terracotta	LIGHT_BLUE_GLAZED_TERRACOTTA	icon-minecraft-light-blue-glazed-terracotta	1.12	1.12	238
yellow_glazed_terracotta	YELLOW_GLAZED_TERRACOTTA	icon-minecraft-yellow-glazed-terracotta	1.12	1.12	239
lime_glazed_terracotta	LIME_GLAZED_TERRACOTTA	icon-minecraft-lime-glazed-terracotta	1.12	1.12	240
pink_glazed_terracotta	PINK_GLAZED_TERRACOTTA	icon-minecraft-pink-glazed-terracotta	1.12	1.12	241
gray_glazed_terracotta	GRAY_GLAZED_TERRACOTTA	icon-minecraft-gray-glazed-terracotta	1.12	1.12	242
light_gray_glazed_terracotta	LIGHT_GRAY_GLAZED_TERRACOTTA	icon-minecraft-light-gray-glazed-terracotta	1.12	1.12	243
cyan_glazed_terracotta	CYAN_GLAZED_TERRACOTTA	icon-minecraft-cyan-glazed-terracotta	1.12	1.12	244
purple_glazed_terracotta	PURPLE_GLAZED_TERRACOTTA	icon-minecraft-purple-glazed-terracotta	1.12	1.12	245
blue_glazed_terracotta	BLUE_GLAZED_TERRACOTTA	icon-minecraft-blue-glazed-terracotta	1.12	1.12	246
brown_glazed_terracotta	BROWN_GLAZED_TERRACOTTA	icon-minecraft-brown-glazed-terracotta	1.12	1.12	247
green_glazed_terracotta	GREEN_GLAZED_TERRACOTTA	icon-minecraft-green-glazed-terracotta	1.12	1.12	248
red_glazed_terracotta	RED_GLAZED_TERRACOTTA	icon-minecraft-red-glazed-terracotta	1.12	1.12	249
black_glazed_terracotta	BLACK_GLAZED_TERRACOTTA	icon-minecraft-black-glazed-terracotta	1.12	1.12	250
white_concrete	WHITE_CONCRETE	icon-minecraft-white-concrete	1.12	1.12	251
orange_concrete	ORANGE_CONCRETE	icon-minecraft-orange-concrete	1.12	1.12	251
magenta_concrete	MAGENTA_CONCRETE	icon-minecraft-magenta-concrete	1.12	1.12	251
light_blue_concrete	LIGHT_BLUE_CONCRETE	icon-minecraft-light-blue-concrete	1.12	1.12	251
yellow_concrete	YELLOW_CONCRETE	icon-minecraft-yellow-concrete	1.12	1.12	251
lime_concrete	LIME_CONCRETE	icon-minecraft-lime-concrete	1.12	1.12	251
pink_concrete	PINK_CONCRETE	icon-minecraft-pink-concrete	1.12	1.12	251
gray_concrete	GRAY_CONCRETE	icon-minecraft-gray-concrete	1.12	1.12	251
light_gray_concrete	LIGHT_GRAY_CONCRETE	icon-minecraft-light-gray-concrete	1.12	1.12	251
cyan_concrete	CYAN_CONCRETE	icon-minecraft-cyan-concrete	1.12	1.12	251
purple_concrete	PURPLE_CONCRETE	icon-minecraft-purple-concrete	1.12	1.12	251
blue_concrete	BLUE_CONCRETE	icon-minecraft-blue-concrete	1.12	1.12	251
brown_concrete	BROWN_CONCRETE	icon-minecraft-brown-concrete	1.12	1.12	251
green_concrete	GREEN_CONCRETE	icon-minecraft-green-concrete	1.12	1.12	251
red_concrete	RED_CONCRETE	icon-minecraft-red-concrete	1.12	1.12	251
black_concrete	BLACK_CONCRETE	icon-minecraft-black-concrete	1.12	1.12	251
white_concrete_powder	WHITE_CONCRETE_POWDER	icon-minecraft-white-concrete-powder	1.12	1.12	252
orange_concrete_powder	ORANGE_CONCRETE_POWDER	icon-minecraft-orange-concrete-powder	1.12	1.12	252
magenta_concrete_powder	MAGENTA_CONCRETE_POWDER	icon-minecraft-magenta-concrete-powder	1.12	1.12	252
light_blue_concrete_powder	LIGHT_BLUE_CONCRETE_POWDER	icon-minecraft-light-blue-concrete-powder	1.12	1.12	252
yellow_concrete_powder	YELLOW_CONCRETE_POWDER	icon-minecraft-yellow-concrete-powder	1.12	1.12	252
lime_concrete_powder	LIME_CONCRETE_POWDER	icon-minecraft-lime-concrete-powder	1.12	1.12	252
pink_concrete_powder	PINK_CONCRETE_POWDER	icon-minecraft-pink-concrete-powder	1.12	1.12	252
gray_concrete_powder	GRAY_CONCRETE_POWDER	icon-minecraft-gray-concrete-powder	1.12	1.12	252
light_gray_concrete_powder	LIGHT_GRAY_CONCRETE_POWDER	icon-minecraft-light-gray-concrete-powder	1.12	1.12	252
cyan_concrete_powder	CYAN_CONCRETE_POWDER	icon-minecraft-cyan-concrete-powder	1.12	1.12	252
purple_concrete_powder	PURPLE_CONCRETE_POWDER	icon-minecraft-purple-concrete-powder	1.12	1.12	252
blue_concrete_powder	BLUE_CONCRETE_POWDER	icon-minecraft-blue-concrete-powder	1.12	1.12	252
brown_concrete_powder	BROWN_CONCRETE_POWDER	icon-minecraft-brown-concrete-powder	1.12	1.12	252
green_concrete_powder	GREEN_CONCRETE_POWDER	icon-minecraft-green-concrete-powder	1.12	1.12	252
red_concrete_powder	RED_CONCRETE_POWDER	icon-minecraft-red-concrete-powder	1.12	1.12	252
black_concrete_powder	BLACK_CONCRETE_POWDER	icon-minecraft-black-concrete-powder	1.12	1.12	252
structure_block	STRUCTURE_BLOCK	icon-minecraft-structure-block	1.09	1.9	255
iron_shovel	IRON_SHOVEL	icon-minecraft-iron-shovel	1.08	1.8	256
iron_pickaxe	IRON_PICKAXE	icon-minecraft-iron-pickaxe	1.08	1.8	257
iron_axe	IRON_AXE	icon-minecraft-iron-axe	1.08	1.8	258
flint_and_steel	FLINT_AND_STEEL	icon-minecraft-flint-and-steel	1.08	1.8	259
apple	APPLE	icon-minecraft-apple	1.08	1.8	260
bow	BOW	icon-minecraft-bow	1.08	1.8	261
arrow	ARROW	icon-minecraft-arrow	1.08	1.8	262
coal	COAL	icon-minecraft-coal	1.08	1.8	263
charcoal	CHARCOAL	icon-minecraft-charcoal	1.08	1.8	263
diamond	DIAMOND	icon-minecraft-diamond	1.08	1.8	264
iron_ingot	IRON_INGOT	icon-minecraft-iron-ingot	1.08	1.8	265
gold_ingot	GOLD_INGOT	icon-minecraft-gold-ingot	1.08	1.8	266
iron_sword	IRON_SWORD	icon-minecraft-iron-sword	1.08	1.8	267
wooden_sword	WOODEN_SWORD	icon-minecraft-wooden-sword	1.08	1.8	268